<?xml version="1.0" encoding="UTF-8"?><rss version="2.0"
	xmlns:content="http://purl.org/rss/1.0/modules/content/"
	xmlns:wfw="http://wellformedweb.org/CommentAPI/"
	xmlns:dc="http://purl.org/dc/elements/1.1/"
	xmlns:atom="http://www.w3.org/2005/Atom"
	xmlns:sy="http://purl.org/rss/1.0/modules/syndication/"
	xmlns:slash="http://purl.org/rss/1.0/modules/slash/"
	>

<channel>
	<title>admin &#8211; My Blog</title>
	<atom:link href="/author/admin/feed/" rel="self" type="application/rss+xml" />
	<link>/</link>
	<description>My WordPress Blog</description>
	<lastBuildDate>Wed, 23 Nov 2016 17:00:43 +0000</lastBuildDate>
	<language>en-US</language>
	<sy:updatePeriod>hourly</sy:updatePeriod>
	<sy:updateFrequency>1</sy:updateFrequency>
	<generator>https://wordpress.org/?v=4.6.1</generator>
	<item>
		<title>Hello world!</title>
		<link>/hello-world/</link>
		<comments>/hello-world/#comments</comments>
		<pubDate>Wed, 23 Nov 2016 16:14:37 +0000</pubDate>
		<dc:creator><![CDATA[admin]]></dc:creator>
				<category><![CDATA[Uncategorized]]></category>

		<guid isPermaLink="false">/?p=1</guid>
		<description><![CDATA[Welcome to WordPress. This is your first post. Edit or delete it, then start writing!]]></description>
				<content:encoded><![CDATA[<p>Welcome to WordPress. This is your first post. Edit or delete it, then start writing!</p>
]]></content:encoded>
			<wfw:commentRss>/hello-world/feed/</wfw:commentRss>
		<slash:comments>1</slash:comments>
		</item>
	</channel>
</rss>
